<?xml version="1.0" encoding="UTF-8"?>
<ui version="4.0">
 <class>Dialog</class>
 <widget class="QDialog" name="Dialog">
  <property name="geometry">
   <rect>
    <x>0</x>
    <y>0</y>
    <width>400</width>
    <height>300</height>
   </rect>
  </property>
  <property name="windowTitle">
   <string>Dialog</string>
  </property>
  <widget class="QGroupBox" name="groupBox">
   <property name="geometry">
    <rect>
     <x>100</x>
     <y>60</y>
     <width>261</width>
     <height>171</height>
    </rect>
   </property>
   <property name="title">
    <string>Changement vitesse</string>
   </property>
   <widget class="QLineEdit" name="lineEditUtilisateur">
    <property name="geometry">
     <rect>
      <x>50</x>
      <y>70</y>
      <width>131</width>
      <height>22</height>
     </rect>
    </property>
   </widget>
   <widget class="QLabel" name="label">
    <property name="geometry">
     <rect>
      <x>0</x>
      <y>30</y>
      <width>251</width>
      <height>20</height>
     </rect>
    </property>
    <property name="text">
     <string>Saisir une nouvelle vitesse de défilement : </string>
    </property>
   </widget>
   <widget class="QDialogButtonBox" name="buttonBox">
    <property name="geometry">
     <rect>
      <x>90</x>
      <y>120</y>
      <width>161</width>
      <height>32</height>
     </rect>
    </property>
    <property name="orientation">
     <enum>Qt::Horizontal</enum>
    </property>
    <property name="standardButtons">
     <set>QDialogButtonBox::Cancel|QDialogButtonBox::Ok</set>
    </property>
   </widget>
  </widget>
 </widget>
 <resources/>
 <connections>
  <connection>
   <sender>buttonBox</sender>
   <signal>accepted()</signal>
   <receiver>Dialog</receiver>
   <slot>accept()</slot>
   <hints>
    <hint type="sourcelabel">
     <x>248</x>
     <y>254</y>
    </hint>
    <hint type="destinationlabel">
     <x>157</x>
     <y>274</y>
    </hint>
   </hints>
  </connection>
  <connection>
   <sender>buttonBox</sender>
   <signal>rejected()</signal>
   <receiver>Dialog</receiver>
   <slot>reject()</slot>
   <hints>
    <hint type="sourcelabel">
     <x>316</x>
     <y>260</y>
    </hint>
    <hint type="destinationlabel">
     <x>286</x>
     <y>274</y>
    </hint>
   </hints>
  </connection>
 </connections>
</ui>
